pair,layer_1,layer_2,layer_3
tibia_femur,-0.8138242,-0.8138242,-0.8138242
tibia_background,0.34215456,0.34215456,0.34215456
femur_background,0.058365345,0.058365345,0.058365345
